<?xml version="1.0" encoding="UTF-8"?><rss xmlns:dc="http://purl.org/dc/elements/1.1/" xmlns:content="http://purl.org/rss/1.0/modules/content/" xmlns:atom="http://www.w3.org/2005/Atom" version="2.0"><channel><title><![CDATA[More Useless - A Collection of Curiosities]]></title><description><![CDATA[A delightful collection of wonderfully useless things, random thoughts, and curious discoveries. Because sometimes the most interesting things are the least practical.]]></description><link>https://more-useless.com</link><generator>GatsbyJS</generator><lastBuildDate>Sun, 30 Nov 2025 17:31:54 GMT</lastBuildDate><item><title><![CDATA[Welcome to the Wonderfully Pointless]]></title><link>https://more-useless.com/welcome-to-the-wonderfully-pointless</link><guid isPermaLink="false">https://more-useless.com/welcome-to-the-wonderfully-pointless</guid><pubDate>Sat, 30 Nov 2024 00:00:00 GMT</pubDate><content:encoded>&lt;p&gt;Why This Site Exists (Or Doesn&apos;t Need To) In a world obsessed with productivity, efficiency, and optimization, we&apos;re taking a different…&lt;/p&gt;&lt;div style=&quot;margin-top: 50px; font-style: italic;&quot;&gt;&lt;strong&gt;&lt;a href=&quot;https://more-useless.com/welcome-to-the-wonderfully-pointless&quot;&gt;Keep reading&lt;/a&gt;.&lt;/strong&gt;&lt;/div&gt;&lt;br /&gt; &lt;br /&gt;</content:encoded></item><item><title><![CDATA[With Images]]></title><link>https://more-useless.com/with-images</link><guid isPermaLink="false">https://more-useless.com/with-images</guid><pubDate>Fri, 16 Sep 2022 23:00:00 GMT</pubDate><content:encoded>&lt;p&gt;Thestral dirigible plums, Viktor Krum hexed memory charm Animagus Invisibility Cloak three-headed Dog. Half-Blood Prince Invisibility Cloak…&lt;/p&gt;&lt;div style=&quot;margin-top: 50px; font-style: italic;&quot;&gt;&lt;strong&gt;&lt;a href=&quot;https://more-useless.com/with-images&quot;&gt;Keep reading&lt;/a&gt;.&lt;/strong&gt;&lt;/div&gt;&lt;br /&gt; &lt;br /&gt;</content:encoded></item><item><title><![CDATA[Markdown Reference]]></title><link>https://more-useless.com/markdown-reference</link><guid isPermaLink="false">https://more-useless.com/markdown-reference</guid><pubDate>Sun, 11 Sep 2022 23:00:00 GMT</pubDate><content:encoded>&lt;p&gt;What to expect from here on out What follows from here is just a bunch of absolute nonsense I&apos;ve written to dogfood the plugin itself. It…&lt;/p&gt;&lt;div style=&quot;margin-top: 50px; font-style: italic;&quot;&gt;&lt;strong&gt;&lt;a href=&quot;https://more-useless.com/markdown-reference&quot;&gt;Keep reading&lt;/a&gt;.&lt;/strong&gt;&lt;/div&gt;&lt;br /&gt; &lt;br /&gt;</content:encoded></item><item><title><![CDATA[Code Block Examples]]></title><link>https://more-useless.com/code-block-examples</link><guid isPermaLink="false">https://more-useless.com/code-block-examples</guid><pubDate>Sat, 10 Sep 2022 23:00:00 GMT</pubDate><content:encoded>&lt;p&gt;Here will a React component go: Here will a normal code block go:

(function() {

var cache = {};
var form = $(&apos;form&apos;);
var minified = true…&lt;/p&gt;&lt;div style=&quot;margin-top: 50px; font-style: italic;&quot;&gt;&lt;strong&gt;&lt;a href=&quot;https://more-useless.com/code-block-examples&quot;&gt;Keep reading&lt;/a&gt;.&lt;/strong&gt;&lt;/div&gt;&lt;br /&gt; &lt;br /&gt;</content:encoded></item><item><title><![CDATA[Normal Text]]></title><link>https://more-useless.com/normal-text-override</link><guid isPermaLink="false">https://more-useless.com/normal-text-override</guid><pubDate>Fri, 09 Sep 2022 23:00:00 GMT</pubDate><content:encoded>&lt;p&gt;Thestral dirigible plums, Viktor Krum hexed memory charm Animagus Invisibility Cloak three-headed Dog. Half-Blood Prince Invisibility Cloak…&lt;/p&gt;&lt;div style=&quot;margin-top: 50px; font-style: italic;&quot;&gt;&lt;strong&gt;&lt;a href=&quot;https://more-useless.com/normal-text-override&quot;&gt;Keep reading&lt;/a&gt;.&lt;/strong&gt;&lt;/div&gt;&lt;br /&gt; &lt;br /&gt;</content:encoded></item></channel></rss>