{"name":"build-javascript","namedChunkGroups":{"app":{"name":"app","assets":[{"name":"webpack-runtime-db90b02503ad2dfdd2c1.js","size":5296},{"name":"framework-fab9b0ce0505533bf319.js","size":140297},{"name":"app-8fe67e80b40ebb39f7d5.js","size":220933}],"filteredAssets":0,"assetsSize":366526,"filteredAuxiliaryAssets":3,"auxiliaryAssetsSize":1114629},"component---node-modules-lekoarts-gatsby-theme-minimal-blog-core-src-templates-blog-query-tsx":{"name":"component---node-modules-lekoarts-gatsby-theme-minimal-blog-core-src-templates-blog-query-tsx","assets":[{"name":"commons-7c3e57a386c81bb911cc.js","size":20755},{"name":"component---node-modules-lekoarts-gatsby-theme-minimal-blog-core-src-templates-blog-query-tsx-7f380884f6f92a9ca111.js","size":4156}],"filteredAssets":0,"assetsSize":24911,"filteredAuxiliaryAssets":2,"auxiliaryAssetsSize":122849},"component---node-modules-lekoarts-gatsby-theme-minimal-blog-core-src-templates-homepage-query-tsx":{"name":"component---node-modules-lekoarts-gatsby-theme-minimal-blog-core-src-templates-homepage-query-tsx","assets":[{"name":"commons-7c3e57a386c81bb911cc.js","size":20755},{"name":"component---node-modules-lekoarts-gatsby-theme-minimal-blog-core-src-templates-homepage-query-tsx-be9fed5b637b58cff34c.js","size":6305}],"filteredAssets":0,"assetsSize":27060,"filteredAuxiliaryAssets":2,"auxiliaryAssetsSize":129375},"component---node-modules-lekoarts-gatsby-theme-minimal-blog-core-src-templates-page-query-tsx-content-file-path-content-pages-about-index-mdx":{"name":"component---node-modules-lekoarts-gatsby-theme-minimal-blog-core-src-templates-page-query-tsx-content-file-path-content-pages-about-index-mdx","assets":[{"name":"commons-7c3e57a386c81bb911cc.js","size":20755},{"name":"component---node-modules-lekoarts-gatsby-theme-minimal-blog-core-src-templates-page-query-tsx-content-file-path-content-pages-about-index-mdx-8c07a14103f2c4756b6d.js","size":4842}],"filteredAssets":0,"assetsSize":25597,"filteredAuxiliaryAssets":2,"auxiliaryAssetsSize":121726},"component---node-modules-lekoarts-gatsby-theme-minimal-blog-core-src-templates-post-query-tsx-content-file-path-content-posts-code-block-examples-index-mdx":{"name":"component---node-modules-lekoarts-gatsby-theme-minimal-blog-core-src-templates-post-query-tsx-content-file-path-content-posts-code-block-examples-index-mdx","assets":[{"name":"commons-7c3e57a386c81bb911cc.js","size":20755},{"name":"component---node-modules-lekoarts-gatsby-theme-minimal-blog-core-src-templates-post-query-tsx-content-file-path-content-posts-code-block-examples-index-mdx-9664914ec5b93e7f0e2c.js","size":10356}],"filteredAssets":0,"assetsSize":31111,"filteredAuxiliaryAssets":2,"auxiliaryAssetsSize":133098},"component---node-modules-lekoarts-gatsby-theme-minimal-blog-core-src-templates-post-query-tsx-content-file-path-content-posts-markdown-reference-index-mdx":{"name":"component---node-modules-lekoarts-gatsby-theme-minimal-blog-core-src-templates-post-query-tsx-content-file-path-content-posts-markdown-reference-index-mdx","assets":[{"name":"commons-7c3e57a386c81bb911cc.js","size":20755},{"name":"component---node-modules-lekoarts-gatsby-theme-minimal-blog-core-src-templates-post-query-tsx-content-file-path-content-posts-markdown-reference-index-mdx-5ac873e2e388408fc4c5.js","size":18339}],"filteredAssets":0,"assetsSize":39094,"filteredAuxiliaryAssets":2,"auxiliaryAssetsSize":148917},"component---node-modules-lekoarts-gatsby-theme-minimal-blog-core-src-templates-post-query-tsx-content-file-path-content-posts-normal-text-index-mdx":{"name":"component---node-modules-lekoarts-gatsby-theme-minimal-blog-core-src-templates-post-query-tsx-content-file-path-content-posts-normal-text-index-mdx","assets":[{"name":"commons-7c3e57a386c81bb911cc.js","size":20755},{"name":"component---node-modules-lekoarts-gatsby-theme-minimal-blog-core-src-templates-post-query-tsx-content-file-path-content-posts-normal-text-index-mdx-502e0da48bd837de3731.js","size":5880}],"filteredAssets":0,"assetsSize":26635,"filteredAuxiliaryAssets":2,"auxiliaryAssetsSize":124877},"component---node-modules-lekoarts-gatsby-theme-minimal-blog-core-src-templates-post-query-tsx-content-file-path-content-posts-welcome-to-more-useless-index-mdx":{"name":"component---node-modules-lekoarts-gatsby-theme-minimal-blog-core-src-templates-post-query-tsx-content-file-path-content-posts-welcome-to-more-useless-index-mdx","assets":[{"name":"commons-7c3e57a386c81bb911cc.js","size":20755},{"name":"component---node-modules-lekoarts-gatsby-theme-minimal-blog-core-src-templates-post-query-tsx-content-file-path-content-posts-welcome-to-more-useless-index-mdx-18a4f0b7703a72e5dfdb.js","size":8001}],"filteredAssets":0,"assetsSize":28756,"filteredAuxiliaryAssets":2,"auxiliaryAssetsSize":129540},"component---node-modules-lekoarts-gatsby-theme-minimal-blog-core-src-templates-post-query-tsx-content-file-path-content-posts-with-images-index-mdx":{"name":"component---node-modules-lekoarts-gatsby-theme-minimal-blog-core-src-templates-post-query-tsx-content-file-path-content-posts-with-images-index-mdx","assets":[{"name":"commons-7c3e57a386c81bb911cc.js","size":20755},{"name":"component---node-modules-lekoarts-gatsby-theme-minimal-blog-core-src-templates-post-query-tsx-content-file-path-content-posts-with-images-index-mdx-6532d7a6ec337ef9c7e3.js","size":10547}],"filteredAssets":0,"assetsSize":31302,"filteredAuxiliaryAssets":2,"auxiliaryAssetsSize":130457},"component---node-modules-lekoarts-gatsby-theme-minimal-blog-core-src-templates-tag-query-tsx":{"name":"component---node-modules-lekoarts-gatsby-theme-minimal-blog-core-src-templates-tag-query-tsx","assets":[{"name":"commons-7c3e57a386c81bb911cc.js","size":20755},{"name":"component---node-modules-lekoarts-gatsby-theme-minimal-blog-core-src-templates-tag-query-tsx-02a16486e6ff217d8c0e.js","size":4205}],"filteredAssets":0,"assetsSize":24960,"filteredAuxiliaryAssets":2,"auxiliaryAssetsSize":123319},"component---node-modules-lekoarts-gatsby-theme-minimal-blog-core-src-templates-tags-query-tsx":{"name":"component---node-modules-lekoarts-gatsby-theme-minimal-blog-core-src-templates-tags-query-tsx","assets":[{"name":"commons-7c3e57a386c81bb911cc.js","size":20755},{"name":"component---node-modules-lekoarts-gatsby-theme-minimal-blog-core-src-templates-tags-query-tsx-3ab47738b7f1c1b8ef6f.js","size":3169}],"filteredAssets":0,"assetsSize":23924,"filteredAuxiliaryAssets":2,"auxiliaryAssetsSize":118757},"component---src-pages-404-tsx":{"name":"component---src-pages-404-tsx","assets":[{"name":"commons-7c3e57a386c81bb911cc.js","size":20755},{"name":"component---src-pages-404-tsx-cff43523aa7372fd5b92.js","size":403}],"filteredAssets":0,"assetsSize":21158,"filteredAuxiliaryAssets":2,"auxiliaryAssetsSize":110670}},"assetsByChunkName":{"app":["webpack-runtime-db90b02503ad2dfdd2c1.js","framework-fab9b0ce0505533bf319.js","app-8fe67e80b40ebb39f7d5.js"],"component---node-modules-lekoarts-gatsby-theme-minimal-blog-core-src-templates-blog-query-tsx":["commons-7c3e57a386c81bb911cc.js","component---node-modules-lekoarts-gatsby-theme-minimal-blog-core-src-templates-blog-query-tsx-7f380884f6f92a9ca111.js"],"component---node-modules-lekoarts-gatsby-theme-minimal-blog-core-src-templates-homepage-query-tsx":["commons-7c3e57a386c81bb911cc.js","component---node-modules-lekoarts-gatsby-theme-minimal-blog-core-src-templates-homepage-query-tsx-be9fed5b637b58cff34c.js"],"component---node-modules-lekoarts-gatsby-theme-minimal-blog-core-src-templates-page-query-tsx-content-file-path-content-pages-about-index-mdx":["commons-7c3e57a386c81bb911cc.js","component---node-modules-lekoarts-gatsby-theme-minimal-blog-core-src-templates-page-query-tsx-content-file-path-content-pages-about-index-mdx-8c07a14103f2c4756b6d.js"],"component---node-modules-lekoarts-gatsby-theme-minimal-blog-core-src-templates-post-query-tsx-content-file-path-content-posts-code-block-examples-index-mdx":["commons-7c3e57a386c81bb911cc.js","component---node-modules-lekoarts-gatsby-theme-minimal-blog-core-src-templates-post-query-tsx-content-file-path-content-posts-code-block-examples-index-mdx-9664914ec5b93e7f0e2c.js"],"component---node-modules-lekoarts-gatsby-theme-minimal-blog-core-src-templates-post-query-tsx-content-file-path-content-posts-markdown-reference-index-mdx":["commons-7c3e57a386c81bb911cc.js","component---node-modules-lekoarts-gatsby-theme-minimal-blog-core-src-templates-post-query-tsx-content-file-path-content-posts-markdown-reference-index-mdx-5ac873e2e388408fc4c5.js"],"component---node-modules-lekoarts-gatsby-theme-minimal-blog-core-src-templates-post-query-tsx-content-file-path-content-posts-normal-text-index-mdx":["commons-7c3e57a386c81bb911cc.js","component---node-modules-lekoarts-gatsby-theme-minimal-blog-core-src-templates-post-query-tsx-content-file-path-content-posts-normal-text-index-mdx-502e0da48bd837de3731.js"],"component---node-modules-lekoarts-gatsby-theme-minimal-blog-core-src-templates-post-query-tsx-content-file-path-content-posts-welcome-to-more-useless-index-mdx":["commons-7c3e57a386c81bb911cc.js","component---node-modules-lekoarts-gatsby-theme-minimal-blog-core-src-templates-post-query-tsx-content-file-path-content-posts-welcome-to-more-useless-index-mdx-18a4f0b7703a72e5dfdb.js"],"component---node-modules-lekoarts-gatsby-theme-minimal-blog-core-src-templates-post-query-tsx-content-file-path-content-posts-with-images-index-mdx":["commons-7c3e57a386c81bb911cc.js","component---node-modules-lekoarts-gatsby-theme-minimal-blog-core-src-templates-post-query-tsx-content-file-path-content-posts-with-images-index-mdx-6532d7a6ec337ef9c7e3.js"],"component---node-modules-lekoarts-gatsby-theme-minimal-blog-core-src-templates-tag-query-tsx":["commons-7c3e57a386c81bb911cc.js","component---node-modules-lekoarts-gatsby-theme-minimal-blog-core-src-templates-tag-query-tsx-02a16486e6ff217d8c0e.js"],"component---node-modules-lekoarts-gatsby-theme-minimal-blog-core-src-templates-tags-query-tsx":["commons-7c3e57a386c81bb911cc.js","component---node-modules-lekoarts-gatsby-theme-minimal-blog-core-src-templates-tags-query-tsx-3ab47738b7f1c1b8ef6f.js"],"component---src-pages-404-tsx":["commons-7c3e57a386c81bb911cc.js","component---src-pages-404-tsx-cff43523aa7372fd5b92.js"]},"childAssetsByChunkName":{}}